ts,sex,age,level,exp,score,hcp,last10,ww1,ww2,sf1,sf2,em1,em2,goal,fl1,fl2,ww,sf,em,tao,flow,lv
2/15/2026 1:09:18,남성,40대,"아마추어 2 (중급 - 보기 플레이어, 90대 타수)",12.0,88.0,16.0,4.0,3.0,2.0,2.0,2.0,2.0,2.0,4.0,3.0,3.0,2.5,2.0,2.0,2.1666666666666665,3.0,2중급
2/19/2026 9:34:30,남성,40대,"아마추어 2 (중급 - 보기 플레이어, 90대 타수)",10.0,88.0,15.0,5.0,1.0,1.0,1.0,2.0,1.0,4.0,4.0,4.0,3.0,1.0,1.5,2.5,1.6666666666666667,3.5,2중급
2/19/2026 9:57:37,남성,40대,"아마추어 2 (중급 - 보기 플레이어, 90대 타수)",6.0,95.0,24.0,5.0,3.0,2.0,4.0,3.0,3.0,3.0,3.0,3.0,3.0,2.5,3.5,3.0,3.0,3.0,2중급
2/20/2026 23:06:09,남성,40대,"아마추어 2 (중급 - 보기 플레이어, 90대 타수)",12.0,91.0,19.0,6.0,3.0,2.0,2.0,4.0,2.0,4.0,4.0,4.0,4.0,2.5,3.0,3.0,2.833333333333333,4.0,2중급
2/21/2026 12:14:48,남성,30대,"아마추어 2 (중급 - 보기 플레이어, 90대 타수)",10.0,95.0,23.0,7.0,4.0,5.0,5.0,5.0,5.0,4.0,5.0,4.0,3.0,4.5,5.0,4.5,4.666666666666667,3.5,2중급
2/21/2026 12:20:15,남성,40대,아마추어 1 (비기너 - 100타 이상),5.0,105.0,30.0,0.0,1.0,2.0,2.0,2.0,1.0,1.0,2.0,4.0,3.0,1.5,2.0,1.0,1.5,3.5,1비기너
2/21/2026 12:23:29,남성,50대,아마추어 1 (비기너 - 100타 이상),3.0,98.0,25.0,6.0,4.0,4.0,4.0,4.0,2.0,4.0,4.0,2.0,4.0,4.0,4.0,3.0,3.6666666666666665,3.0,1비기너
2/21/2026 12:35:07,남성,30대,아마추어 1 (비기너 - 100타 이상),4.0,108.0,36.0,5.0,5.0,3.0,3.0,2.0,1.0,1.0,3.0,1.0,1.0,4.0,2.5,1.0,2.5,1.0,1비기너
2/21/2026 12:37:49,여성,40대,아마추어 1 (비기너 - 100타 이상),10.0,110.0,20.0,7.0,4.0,4.0,4.0,4.0,1.0,2.0,2.0,4.0,2.0,4.0,4.0,1.5,3.1666666666666665,3.0,1비기너
2/21/2026 12:49:17,여성,40대,"프로 2 (투어 프로, KPGA/KLPGA 등)",25.0,77.0,5.0,5.0,4.0,4.0,3.0,3.0,2.0,4.0,3.0,4.0,4.0,4.0,3.0,3.0,3.333333333333333,4.0,5투어
2/21/2026 13:36:37,남성,40대,아마추어 1 (비기너 - 100타 이상),5.0,100.0,28.0,6.0,4.0,3.0,2.0,3.0,2.0,3.0,4.0,4.0,2.0,3.5,2.5,2.5,2.833333333333333,3.0,1비기너
2/21/2026 13:38:05,남성,50대,"아마추어 3 (고수 - 싱글 , 70~80대 타수)",29.0,86.0,10.0,5.0,2.0,2.0,1.0,4.0,2.0,4.0,5.0,5.0,5.0,2.0,2.5,3.0,2.5,5.0,3고수
2/21/2026 13:52:58,남성,40대,"아마추어 2 (중급 - 보기 플레이어, 90대 타수)",20.0,85.0,13.0,8.0,4.0,5.0,4.0,3.0,4.0,3.0,5.0,4.0,4.0,4.5,3.5,3.5,3.8333333333333335,4.0,2중급
2/21/2026 13:57:13,남성,50대,"아마추어 3 (고수 - 싱글 , 70~80대 타수)",27.0,81.0,13.0,5.0,1.0,1.0,3.0,1.0,1.0,1.0,5.0,3.0,2.0,1.0,2.0,1.0,1.3333333333333333,2.5,3고수
2/21/2026 14:01:22,여성,50대,"아마추어 2 (중급 - 보기 플레이어, 90대 타수)",20.0,90.0,18.0,3.0,3.0,3.0,4.0,5.0,2.0,2.0,4.0,3.0,4.0,3.0,4.5,2.0,3.1666666666666665,3.5,2중급
2/21/2026 14:05:15,남성,50대,"아마추어 3 (고수 - 싱글 , 70~80대 타수)",24.0,80.0,7.0,5.0,1.0,1.0,4.0,4.0,1.0,1.0,5.0,4.0,3.0,1.0,4.0,1.0,2.0,3.5,3고수
2/21/2026 14:05:18,여성,50대,"아마추어 2 (중급 - 보기 플레이어, 90대 타수)",5.0,90.0,17.0,9.0,5.0,5.0,5.0,3.0,4.0,4.0,2.0,4.0,5.0,5.0,4.0,4.0,4.333333333333333,4.5,2중급
2/21/2026 14:05:42,남성,50대,"아마추어 2 (중급 - 보기 플레이어, 90대 타수)",20.0,90.0,18.0,5.0,5.0,5.0,3.0,3.0,3.0,3.0,5.0,3.0,3.0,5.0,3.0,3.0,3.6666666666666665,3.0,2중급
2/21/2026 14:07:08,남성,50대,"아마추어 2 (중급 - 보기 플레이어, 90대 타수)",5.0,92.0,20.0,5.0,3.0,4.0,4.0,4.0,2.0,2.0,4.0,4.0,3.0,3.5,4.0,2.0,3.1666666666666665,3.5,2중급
2/21/2026 14:07:23,남성,50대,"아마추어 3 (고수 - 싱글 , 70~80대 타수)",20.0,85.0,13.0,5.0,4.0,5.0,4.0,3.0,3.0,1.0,3.0,4.0,4.0,4.5,3.5,2.0,3.333333333333333,4.0,3고수
2/21/2026 14:09:39,남성,40대,"아마추어 2 (중급 - 보기 플레이어, 90대 타수)",4.0,94.0,16.0,7.0,2.0,2.0,2.0,4.0,2.0,4.0,4.0,4.0,4.0,2.0,3.0,3.0,2.6666666666666665,4.0,2중급
2/21/2026 14:10:27,남성,50대,"아마추어 2 (중급 - 보기 플레이어, 90대 타수)",28.0,86.0,15.0,5.0,4.0,4.0,4.0,4.0,3.0,2.0,3.0,4.0,4.0,4.0,4.0,2.5,3.5,4.0,2중급
2/21/2026 14:12:20,남성,50대,"아마추어 3 (고수 - 싱글 , 70~80대 타수)",20.0,81.0,10.0,4.0,4.0,4.0,5.0,5.0,5.0,5.0,3.0,3.0,3.0,4.0,5.0,5.0,4.666666666666667,3.0,3고수
2/21/2026 14:15:39,여성,50대,"아마추어 2 (중급 - 보기 플레이어, 90대 타수)",10.0,92.0,20.0,5.0,3.0,3.0,3.0,4.0,2.0,2.0,4.0,3.0,2.0,3.0,3.5,2.0,2.833333333333333,2.5,2중급
2/21/2026 14:35:13,여성,50대,"아마추어 3 (고수 - 싱글 , 70~80대 타수)",22.0,85.0,13.0,6.0,5.0,5.0,4.0,1.0,3.0,3.0,3.0,5.0,3.0,5.0,2.5,3.0,3.5,4.0,3고수
2/21/2026 14:55:49,남성,50대,"아마추어 3 (고수 - 싱글 , 70~80대 타수)",20.0,84.0,12.0,5.0,5.0,5.0,3.0,5.0,2.0,4.0,3.0,4.0,5.0,5.0,4.0,3.0,4.0,4.5,3고수
2/21/2026 15:05:28,남성,50대,"아마추어 3 (고수 - 싱글 , 70~80대 타수)",20.0,89.0,16.0,3.0,4.0,2.0,2.0,2.0,2.0,4.0,4.0,4.0,4.0,3.0,2.0,3.0,2.6666666666666665,4.0,3고수
2/21/2026 15:17:42,남성,50대,"아마추어 3 (고수 - 싱글 , 70~80대 타수)",20.0,82.0,12.0,0.0,4.0,2.0,3.0,3.0,3.0,3.0,4.0,3.0,3.0,3.0,3.0,3.0,3.0,3.0,3고수
2/21/2026 16:26:31,남성,50대,"아마추어 2 (중급 - 보기 플레이어, 90대 타수)",22.0,87.0,15.0,6.0,5.0,4.0,4.0,2.0,3.0,3.0,2.0,4.0,4.0,4.5,3.0,3.0,3.5,4.0,2중급
2/21/2026 16:54:38,남성,40대,"아마추어 2 (중급 - 보기 플레이어, 90대 타수)",8.0,93.0,21.0,2.0,2.0,4.0,3.0,5.0,1.0,2.0,2.0,2.0,2.0,3.0,4.0,1.5,2.833333333333333,2.0,2중급
2/21/2026 17:00:59,남성,50대,"아마추어 2 (중급 - 보기 플레이어, 90대 타수)",15.0,90.0,15.0,4.0,4.0,3.0,3.0,3.0,1.0,2.0,2.0,4.0,4.0,3.5,3.0,1.5,2.6666666666666665,4.0,2중급
2/21/2026 17:04:04,남성,30대,"프로 2 (투어 프로, KPGA/KLPGA 등)",21.0,72.0,0.0,5.0,4.0,5.0,4.0,4.0,2.0,3.0,5.0,5.0,5.0,4.5,4.0,2.5,3.6666666666666665,5.0,5투어
2/21/2026 17:04:10,남성,50대,"아마추어 2 (중급 - 보기 플레이어, 90대 타수)",25.0,92.0,20.0,5.0,5.0,5.0,2.0,4.0,2.0,1.0,1.0,3.0,3.0,5.0,3.0,1.5,3.1666666666666665,3.0,2중급
2/21/2026 17:49:23,남성,50대,아마추어 1 (비기너 - 100타 이상),5.0,100.0,28.0,2.0,5.0,5.0,5.0,3.0,5.0,3.0,2.0,5.0,3.0,5.0,4.0,4.0,4.333333333333333,4.0,1비기너
2/21/2026 18:58:13,남성,40대,"아마추어 2 (중급 - 보기 플레이어, 90대 타수)",9.0,93.0,20.0,3.0,4.0,4.0,3.0,2.0,2.0,2.0,2.0,4.0,2.0,4.0,2.5,2.0,2.833333333333333,3.0,2중급
2/21/2026 19:08:11,남성,30대,"아마추어 2 (중급 - 보기 플레이어, 90대 타수)",5.0,92.0,20.0,3.0,4.0,5.0,2.0,4.0,4.0,3.0,3.0,2.0,3.0,4.5,3.0,3.5,3.6666666666666665,2.5,2중급
2/22/2026 10:33:20,여성,50대,"아마추어 2 (중급 - 보기 플레이어, 90대 타수)",10.0,96.0,24.0,4.0,5.0,5.0,5.0,5.0,4.0,3.0,1.0,4.0,4.0,5.0,5.0,3.5,4.5,4.0,2중급
2/22/2026 11:00:03,여성,50대,아마추어 1 (비기너 - 100타 이상),5.0,98.0,25.0,5.0,4.0,3.0,2.0,2.0,2.0,2.0,1.0,3.0,2.0,3.5,2.0,2.0,2.5,2.5,1비기너
2/22/2026 20:12:38,남성,50대,"아마추어 3 (고수 - 싱글 , 70~80대 타수)",15.0,81.0,9.0,5.0,4.0,5.0,4.0,5.0,5.0,4.0,3.0,4.0,5.0,4.5,4.5,4.5,4.5,4.5,3고수
2/23/2026 9:25:30,여성,30대,아마추어 1 (비기너 - 100타 이상),3.0,101.0,25.0,6.0,5.0,5.0,3.0,5.0,3.0,1.0,1.0,4.0,4.0,5.0,4.0,2.0,3.6666666666666665,4.0,1비기너
2/23/2026 14:41:53,남성,50대,"아마추어 3 (고수 - 싱글 , 70~80대 타수)",20.0,88.0,16.0,5.0,5.0,5.0,3.0,3.0,4.0,4.0,2.0,3.0,4.0,5.0,3.0,4.0,4.0,3.5,3고수
2/24/2026 9:49:18,남성,30대,"아마추어 2 (중급 - 보기 플레이어, 90대 타수)",5.0,90.0,20.0,7.0,5.0,5.0,5.0,3.0,2.0,5.0,4.0,5.0,5.0,5.0,4.0,3.5,4.166666666666667,5.0,2중급
2/24/2026 9:56:23,남성,40대,"아마추어 2 (중급 - 보기 플레이어, 90대 타수)",4.0,92.0,20.0,5.0,2.0,2.0,2.0,4.0,4.0,2.0,5.0,5.0,5.0,2.0,3.0,3.0,2.6666666666666665,5.0,2중급
2/24/2026 9:57:17,남성,50대,"아마추어 2 (중급 - 보기 플레이어, 90대 타수)",10.0,85.0,12.0,7.0,4.0,4.0,3.0,2.0,4.0,4.0,4.0,2.0,1.0,4.0,2.5,4.0,3.5,1.5,2중급
2/24/2026 9:58:35,남성,40대,"아마추어 2 (중급 - 보기 플레이어, 90대 타수)",5.0,89.0,17.0,5.0,5.0,5.0,5.0,5.0,4.0,4.0,1.0,5.0,4.0,5.0,5.0,4.0,4.666666666666667,4.5,2중급
2/24/2026 10:10:25,남성,40대,"아마추어 2 (중급 - 보기 플레이어, 90대 타수)",3.0,92.0,18.0,5.0,2.0,2.0,2.0,2.0,2.0,3.0,4.0,4.0,3.0,2.0,2.0,2.5,2.1666666666666665,3.5,2중급
2/24/2026 10:22:57,남성,40대,"아마추어 2 (중급 - 보기 플레이어, 90대 타수)",10.0,90.0,13.0,5.0,3.0,4.0,2.0,2.0,2.0,2.0,2.0,4.0,4.0,3.5,2.0,2.0,2.5,4.0,2중급
2/24/2026 10:25:14,남성,40대,"프로 1 (티칭프로, USGTF 등)",25.0,80.0,8.0,5.0,2.0,3.0,3.0,4.0,2.0,4.0,4.0,4.0,4.0,2.5,3.5,3.0,3.0,4.0,4티칭
2/24/2026 10:29:49,남성,30대,"프로 2 (투어 프로, KPGA/KLPGA 등)",20.0,72.0,0.0,7.0,5.0,5.0,3.0,4.0,4.0,5.0,5.0,4.0,4.0,5.0,3.5,4.5,4.333333333333333,4.0,5투어
2/24/2026 10:35:32,남성,40대,"아마추어 3 (고수 - 싱글 , 70~80대 타수)",11.0,83.0,11.0,5.0,4.0,2.0,4.0,3.0,2.0,4.0,5.0,2.0,4.0,3.0,3.5,3.0,3.1666666666666665,3.0,3고수
2/24/2026 11:13:10,남성,40대,아마추어 1 (비기너 - 100타 이상),8.0,100.0,20.0,5.0,5.0,5.0,5.0,4.0,5.0,3.0,3.0,4.0,4.0,5.0,4.5,4.0,4.5,4.0,1비기너
2/24/2026 11:21:19,남성,50대,"아마추어 2 (중급 - 보기 플레이어, 90대 타수)",6.0,85.0,13.0,5.0,5.0,4.0,4.0,2.0,4.0,4.0,4.0,5.0,5.0,4.5,3.0,4.0,3.8333333333333335,5.0,2중급
2/24/2026 12:49:55,남성,50대,"아마추어 2 (중급 - 보기 플레이어, 90대 타수)",6.0,90.0,18.0,8.0,4.0,4.0,4.0,4.0,2.0,3.0,2.0,4.0,3.0,4.0,4.0,2.5,3.5,3.5,2중급
2/24/2026 13:50:41,남성,50대,"아마추어 2 (중급 - 보기 플레이어, 90대 타수)",5.0,86.0,16.0,5.0,2.0,2.0,3.0,4.0,2.0,2.0,4.0,4.0,3.0,2.0,3.5,2.0,2.5,3.5,2중급
2/24/2026 18:24:11,남성,30대,"프로 2 (투어 프로, KPGA/KLPGA 등)",20.0,74.0,2.0,5.0,4.0,3.0,4.0,4.0,4.0,5.0,5.0,4.0,4.0,3.5,4.0,4.5,4.0,4.0,5투어
2/26/2026 8:40:04,남성,50대,"아마추어 2 (중급 - 보기 플레이어, 90대 타수)",10.0,86.0,12.0,7.0,4.0,4.0,4.0,3.0,3.0,2.0,5.0,4.0,4.0,4.0,3.5,2.5,3.333333333333333,4.0,2중급
2/26/2026 9:27:50,남성,60대 이상,"아마추어 2 (중급 - 보기 플레이어, 90대 타수)",30.0,88.0,16.0,9.0,5.0,4.0,5.0,5.0,3.0,4.0,2.0,3.0,3.0,4.5,5.0,3.5,4.333333333333333,3.0,2중급
2/26/2026 12:13:14,여성,50대,"아마추어 3 (고수 - 싱글 , 70~80대 타수)",30.0,78.0,9.0,5.0,5.0,5.0,4.0,4.0,3.0,4.0,5.0,4.0,3.0,5.0,4.0,3.5,4.166666666666667,3.5,3고수
2/27/2026 9:21:54,남성,40대,아마추어 1 (비기너 - 100타 이상),3.0,105.0,32.0,5.0,5.0,4.0,4.0,4.0,3.0,2.0,3.0,4.0,3.0,4.5,4.0,2.5,3.6666666666666665,3.5,1비기너
3/2/2026 15:50:50,여성,50대,"아마추어 2 (중급 - 보기 플레이어, 90대 타수)",9.0,95.0,20.0,7.0,4.0,4.0,3.0,4.0,3.0,3.0,3.0,3.0,3.0,4.0,3.5,3.0,3.5,3.0,2중급
3/3/2026 11:16:26,남성,50대,아마추어 1 (비기너 - 100타 이상),5.0,100.0,28.0,5.0,3.0,3.0,4.0,3.0,3.0,2.0,3.0,2.0,3.0,3.0,3.5,2.5,3.0,2.5,1비기너
3/3/2026 11:35:45,여성,40대,아마추어 1 (비기너 - 100타 이상),4.0,110.0,15.0,3.0,5.0,5.0,3.0,5.0,2.0,3.0,4.0,4.0,4.0,5.0,4.0,2.5,3.8333333333333335,4.0,1비기너
3/3/2026 11:38:37,여성,40대,아마추어 1 (비기너 - 100타 이상),5.0,105.0,16.0,5.0,5.0,5.0,4.0,4.0,5.0,5.0,3.0,2.0,2.0,5.0,4.0,5.0,4.666666666666667,2.0,1비기너
3/3/2026 12:14:13,남성,50대,"아마추어 2 (중급 - 보기 플레이어, 90대 타수)",4.0,92.0,20.0,2.0,5.0,4.0,2.0,2.0,5.0,3.0,2.0,4.0,4.0,4.5,2.0,4.0,3.5,4.0,2중급
3/3/2026 13:09:57,남성,50대,"아마추어 2 (중급 - 보기 플레이어, 90대 타수)",20.0,90.0,18.0,6.0,2.0,4.0,2.0,2.0,1.0,1.0,2.0,2.0,2.0,3.0,2.0,1.0,2.0,2.0,2중급
3/3/2026 13:27:16,남성,40대,"아마추어 2 (중급 - 보기 플레이어, 90대 타수)",6.0,93.0,20.0,3.0,3.0,1.0,1.0,4.0,1.0,3.0,3.0,2.0,1.0,2.0,2.5,2.0,2.1666666666666665,1.5,2중급
3/4/2026 16:33:07,남성,40대,"아마추어 2 (중급 - 보기 플레이어, 90대 타수)",3.0,95.0,23.0,8.0,5.0,5.0,5.0,5.0,5.0,5.0,1.0,5.0,5.0,5.0,5.0,5.0,5.0,5.0,2중급
3/4/2026 17:48:25,여성,50대,아마추어 1 (비기너 - 100타 이상),2.0,108.0,10.0,3.0,2.0,3.0,2.0,4.0,2.0,3.0,4.0,4.0,5.0,2.5,3.0,2.5,2.6666666666666665,4.5,1비기너
3/4/2026 18:16:40,여성,50대,아마추어 1 (비기너 - 100타 이상),3.0,100.0,10.0,5.0,5.0,2.0,5.0,5.0,2.0,3.0,3.0,4.0,5.0,3.5,5.0,2.5,3.6666666666666665,4.5,1비기너
3/4/2026 18:27:45,남성,50대,"프로 1 (티칭프로, USGTF 등)",23.0,74.0,2.0,5.0,3.0,4.0,2.0,5.0,2.0,5.0,5.0,5.0,4.0,3.5,3.5,3.5,3.5,4.5,4티칭
3/4/2026 18:31:59,남성,30대,"아마추어 3 (고수 - 싱글 , 70~80대 타수)",7.0,85.0,13.0,3.0,3.0,2.0,5.0,4.0,5.0,4.0,4.0,2.0,4.0,2.5,4.5,4.5,3.8333333333333335,3.0,3고수
3/4/2026 18:36:15,여성,50대,"아마추어 3 (고수 - 싱글 , 70~80대 타수)",2.0,82.0,10.0,5.0,3.0,3.0,3.0,5.0,3.0,5.0,5.0,5.0,5.0,3.0,4.0,4.0,3.6666666666666665,5.0,3고수
3/4/2026 19:10:28,여성,40대,아마추어 1 (비기너 - 100타 이상),1.0,95.0,15.0,5.0,4.0,5.0,2.0,4.0,2.0,3.0,5.0,3.0,3.0,4.5,3.0,2.5,3.333333333333333,3.0,1비기너
3/4/2026 21:15:21,남성,30대,"프로 1 (티칭프로, USGTF 등)",18.0,75.0,3.0,0.0,2.0,2.0,3.0,1.0,1.0,3.0,5.0,3.0,2.0,2.0,2.0,2.0,2.0,2.5,4티칭
3/5/2026 10:56:53,여성,40대,아마추어 1 (비기너 - 100타 이상),2.0,95.0,25.0,4.0,3.0,2.0,3.0,5.0,2.0,1.0,4.0,5.0,4.0,2.5,4.0,1.5,2.6666666666666665,4.5,1비기너
